wmc,dit,noc,cbo,rfc,lcom,ca,ce,npm,lcom3,loc,dam,moa,mfa,cam,ic,cbm,amc,max_cc,avg_cc,bug
9,6,0,9,34,28,0,9,6,0.8125,166,1.0,0,0.950617,0.4,4,9,17.222222,2,1.0,Y
8,4,0,7,37,4,0,7,7,0.714286,277,1.0,0,0.9176469999999999,0.46875,4,4,32.875,5,1.375,N
4,3,0,8,39,0,0,8,4,0.333333,200,1.0,0,0.925,0.5,1,1,48.5,1,0.75,N
15,3,0,16,77,69,0,16,10,0.8265309999999999,504,1.0,0,0.72549,0.23333299999999998,1,1,32.133333,6,1.4,N
15,3,0,3,37,41,1,2,14,0.696429,437,0.75,1,0.454545,0.311111,1,2,27.333333000000003,1,0.8,N
1,1,0,5,1,0,4,1,1,2.0,1,0.0,0,0.0,1.0,0,0,0.0,1,1.0,N
18,3,0,10,56,119,0,10,15,0.882353,460,1.0,0,0.685185,0.377778,0,0,23.833333,13,2.0,N
2,3,0,3,7,1,1,3,2,2.0,23,0.0,0,0.9696969999999999,1.0,0,0,10.5,1,0.5,N
4,1,0,5,4,6,4,1,4,2.0,4,0.0,0,0.0,0.5,0,0,0.0,1,1.0,N
16,4,2,19,56,48,2,17,10,0.745455,757,1.0,4,0.836957,0.19375,3,7,45.625,14,2.5,N
7,3,0,7,21,0,0,7,7,0.625,144,1.0,0,0.8604649999999999,0.342857,1,1,19.0,5,1.4286,N
5,1,0,11,5,10,11,0,5,2.0,5,0.0,0,0.0,0.533333,0,0,0.0,1,1.0,N
3,3,0,6,21,0,1,6,3,0.0,146,1.0,0,0.9487180000000001,0.666667,0,0,47.333333,1,0.6667,N
1,1,0,9,1,0,8,1,1,2.0,1,0.0,0,0.0,1.0,0,0,0.0,1,1.0,N
7,5,0,5,17,0,1,4,5,0.777778,107,1.0,0,0.848485,0.47618999999999995,2,5,13.857142999999999,5,1.2857,N
3,1,1,7,9,0,5,2,3,0.0,47,1.0,0,0.0,0.666667,0,0,14.333332999999998,1,0.6667,N
6,4,0,10,33,0,0,10,6,0.6,511,1.0,0,0.939759,0.555556,1,1,83.5,1,0.8333,N
10,4,0,16,36,3,4,12,10,0.583333,246,1.0,2,0.795455,0.266667,1,3,23.2,7,2.3,N
20,3,0,14,67,130,1,13,16,0.8468899999999999,812,1.0,4,0.660714,0.25,1,1,39.05,25,3.05,N
1,1,0,15,1,0,14,1,1,2.0,1,0.0,0,0.0,1.0,0,0,0.0,1,1.0,N
28,3,0,44,96,286,32,13,22,0.592593,1047,0.5,1,0.545455,0.12698399999999999,2,5,36.321428999999995,15,2.5357,N
8,5,0,6,26,0,1,5,5,0.571429,164,1.0,0,0.8235290000000001,0.375,2,5,19.125,4,1.125,N
4,3,0,6,16,0,0,6,4,0.333333,46,1.0,0,0.925,0.625,1,1,10.25,1,0.75,N
6,1,0,1,8,0,0,1,6,0.0,43,1.0,1,0.0,0.666667,0,0,6.0,1,0.8333,N
3,2,0,9,26,3,1,8,2,2.0,147,0.0,0,0.92,1.0,1,1,48.0,10,3.6667,N
8,5,0,9,23,0,4,5,8,0.761905,198,0.5,0,0.8444440000000001,0.35,1,4,23.0,6,2.25,N
4,2,0,4,15,0,1,3,4,0.333333,109,1.0,0,0.75,0.5,0,0,25.75,1,0.75,Y
3,4,0,4,20,3,0,4,1,1.5,124,1.0,0,0.960784,1.0,2,3,40.0,8,3.0,N
18,4,0,12,82,83,1,12,11,0.960152,1238,1.0,1,0.821053,0.181818,2,2,66.05555600000001,8,1.8333,Y
3,1,0,3,3,3,2,1,3,2.0,3,0.0,0,0.0,0.666667,0,0,0.0,1,1.0,N
2,3,0,0,3,1,0,0,2,2.0,7,0.0,0,0.909091,0.75,1,1,2.5,1,0.5,N
3,1,0,3,17,0,2,1,3,0.25,196,1.0,0,0.0,0.666667,0,0,63.0,2,1.0,N
15,3,2,10,47,73,2,8,12,0.865079,452,1.0,1,0.72549,0.225,1,1,28.533333000000002,12,1.8,N
1,1,0,8,1,0,6,2,1,2.0,1,0.0,0,0.0,1.0,0,0,0.0,1,1.0,N
3,4,0,5,24,3,0,5,1,1.5,163,1.0,0,0.960784,1.0,2,3,53.0,11,4.0,N
13,1,1,15,66,78,10,7,12,1.083333,476,0.0,0,0.0,0.20769200000000002,0,0,35.461538,2,1.0,N
4,1,0,6,21,6,2,4,2,2.0,91,0.0,0,0.0,0.75,0,0,21.75,4,1.5,N
27,1,0,10,60,145,1,9,26,0.648352,401,1.0,4,0.0,0.314815,0,0,13.592592999999999,6,1.5185,N
7,5,0,5,19,1,1,4,5,0.52381,285,1.0,0,0.848485,0.47618999999999995,2,5,38.714286,4,1.1429,N
1,1,0,2,1,0,1,1,1,2.0,1,0.0,0,0.0,1.0,0,0,0.0,1,1.0,N
5,2,0,5,37,4,0,5,2,0.5,250,1.0,0,0.8,0.5,1,3,48.8,11,2.8,N
12,3,0,11,64,0,0,11,9,0.618182,581,1.0,0,0.770833,0.23809499999999997,0,0,47.0,20,3.4167,N
11,2,0,12,15,13,9,4,11,0.75,97,1.0,3,0.2,0.220779,0,0,7.272727000000001,1,0.7273,N
21,5,2,15,83,142,2,13,8,0.78,799,1.0,5,0.8620690000000001,0.18650799999999998,3,7,36.571428999999995,9,1.5238,N
21,4,0,11,56,24,0,11,19,0.7875,715,1.0,0,0.795918,0.28571399999999997,3,4,32.666667,16,2.1905,N
3,4,0,8,22,0,0,8,2,0.0,104,1.0,1,0.9622639999999999,0.5,2,2,33.333333,5,2.0,N
6,3,0,9,32,0,0,9,6,0.6,216,1.0,2,0.8809520000000001,0.333333,2,2,34.5,1,0.8333,N
20,1,0,4,42,130,0,4,18,0.736842,376,1.0,1,0.0,0.284211,0,0,17.45,3,1.15,N
4,3,0,4,15,0,0,4,4,0.833333,70,0.5,0,0.909091,0.583333,0,0,16.0,3,1.5,N
8,5,0,6,26,0,1,5,5,0.571429,167,1.0,0,0.8235290000000001,0.375,2,5,19.5,4,1.125,N
36,3,11,35,84,0,11,24,35,0.48571400000000003,302,1.0,1,0.513889,0.0875,2,2,7.3333330000000005,6,1.1944,N
27,3,1,18,87,217,1,17,20,0.870445,919,1.0,2,0.587302,0.212963,2,2,32.333333,13,1.7037,N
5,1,0,1,6,0,1,0,5,0.5,30,1.0,0,0.0,0.7,0,0,4.6,1,0.8,N
2,6,0,4,4,1,0,4,1,2.0,11,0.0,0,0.9871790000000001,0.666667,0,0,4.5,1,0.5,N
3,1,0,0,7,0,0,0,3,0.0,19,1.0,0,0.0,0.666667,0,0,5.0,1,0.6667,N
10,3,0,2,20,21,0,2,9,0.6,130,1.0,0,0.804348,0.4,1,1,11.5,1,0.9,N
4,1,0,3,23,4,1,2,1,0.333333,174,1.0,0,0.0,0.583333,0,0,42.0,3,1.25,N
3,2,0,5,12,3,1,4,1,2.0,40,0.0,0,0.857143,0.666667,0,0,12.333333,1,0.6667,N
5,1,1,28,11,4,26,2,5,0.25,54,1.0,0,0.0,0.533333,0,0,9.6,1,0.6,N
17,5,0,15,57,22,0,15,15,0.583333,298,1.0,1,0.869919,0.264706,4,7,16.352941,4,1.2353,N
6,1,0,14,24,15,14,0,5,1.0,116,0.0,0,0.0,0.3,0,0,18.166667,2,1.0,N
9,3,0,4,41,14,0,4,8,0.791667,334,1.0,0,0.8222219999999999,0.355556,1,1,35.444444,11,2.0,Y
6,3,0,7,24,9,4,4,5,0.8,231,0.5,0,0.8809520000000001,0.266667,1,1,37.166667,1,0.8333,Y
7,5,0,5,22,0,1,4,5,0.555556,150,1.0,0,0.848485,0.47618999999999995,2,5,20.0,4,1.1429,N
2,2,0,7,13,1,1,6,2,2.0,66,1.0,0,0.958333,1.0,0,0,31.5,1,0.5,N
7,5,0,5,18,0,1,4,5,0.555556,113,1.0,0,0.848485,0.47618999999999995,2,4,14.714285999999998,4,1.1429,N
19,1,8,23,92,81,8,15,4,0.7125600000000001,899,1.0,9,0.0,0.230159,0,0,45.105263,30,4.2632,Y
4,2,0,4,16,0,0,4,4,0.333333,59,1.0,0,0.8421049999999999,0.875,1,1,13.5,5,1.75,N
29,1,0,5,66,348,2,3,12,0.810714,567,0.9,2,0.0,0.317241,0,0,18.206897,11,1.3793,N
4,4,9,12,7,4,9,3,3,0.666667,22,1.0,1,0.9285709999999999,0.5,0,0,4.25,1,0.5,N
1,1,0,2,1,0,2,0,1,2.0,1,0.0,0,0.0,1.0,0,0,0.0,1,1.0,N
16,1,3,13,38,80,6,7,12,0.8761899999999999,334,0.857143,0,0.0,0.28571399999999997,0,0,19.4375,8,1.6875,N
16,3,0,3,38,84,1,2,16,0.674074,541,1.0,2,0.580645,0.25,2,8,32.25,1,0.8125,N
1,1,0,18,1,0,17,1,1,2.0,1,0.0,0,0.0,1.0,0,0,0.0,1,1.0,N
2,4,0,4,4,0,1,3,1,0.0,16,1.0,1,0.9375,0.666667,1,1,6.5,1,0.5,N
5,1,0,3,9,0,1,2,5,0.666667,64,1.0,0,0.0,0.533333,0,0,11.2,1,0.8,N
9,2,0,12,50,24,8,6,2,0.85,288,1.0,1,0.68,0.296296,1,1,30.444444,2,1.0,N
7,6,0,9,32,13,0,9,4,0.75,150,1.0,0,0.9625,0.4,4,9,20.142857,2,1.0,Y
2,6,0,4,4,1,0,4,1,2.0,11,0.0,0,0.9871790000000001,0.666667,0,0,4.5,1,0.5,N
7,5,0,5,18,0,1,4,5,0.708333,126,1.0,0,0.848485,0.47618999999999995,2,5,16.428570999999998,5,1.2857,N
11,1,0,4,34,0,3,1,1,0.785714,312,1.0,0,0.0,0.85,0,0,26.090909,3,1.7273,N
6,1,0,7,6,15,6,1,6,1.2,10,0.0,0,0.0,0.722222,0,0,0.0,1,1.0,N
10,3,4,16,21,23,14,2,5,0.666667,149,1.0,1,0.692308,0.228571,1,2,13.7,1,0.8,N
17,4,0,7,81,40,4,3,10,0.8238639999999999,1178,0.909091,8,0.516129,0.25,2,4,67.0,2,1.0,N
10,1,0,3,13,31,1,2,10,0.703704,76,1.0,1,0.0,0.375,0,0,6.3,2,1.1,N
13,3,0,12,43,36,3,10,7,0.638889,424,1.0,0,0.755102,0.320513,1,6,31.384615000000004,4,1.8462,N
9,2,0,5,20,0,3,2,9,0.5,141,1.0,0,0.6,0.416667,0,0,14.222222,1,0.6667,Y
6,3,0,3,30,0,0,3,5,0.6,1262,1.0,0,0.8809520000000001,0.555556,1,1,208.666667,2,1.0,N
5,1,10,98,7,0,98,1,5,0.0,33,1.0,1,0.0,0.45,0,0,5.4,2,1.0,N
2,4,0,4,12,1,0,4,1,2.0,55,0.0,0,0.980392,1.0,1,2,26.5,4,2.0,N
18,2,5,18,23,0,5,16,16,0.0,110,1.0,0,0.346154,0.11458299999999999,0,0,5.055556,1,0.9444,N
12,5,0,6,37,0,1,5,7,0.69697,308,1.0,0,0.736842,0.3,2,5,24.166667,7,1.3333,N
5,1,0,4,20,0,0,4,4,0.333333,144,1.0,1,0.0,0.9,0,0,27.2,5,2.2,N
23,3,1,14,73,151,1,13,23,0.921717,668,0.777778,2,0.627119,0.207729,3,3,27.26087,26,2.3913,Y
3,2,0,6,38,3,1,5,1,2.0,198,0.0,0,0.9,0.555556,1,1,65.0,6,2.3333,N
14,4,0,193,26,0,192,1,14,0.384615,153,1.0,1,0.65,0.333333,1,2,9.785714,2,0.6429,N
5,2,0,11,24,10,1,10,4,1.0,133,0.0,0,0.764706,0.5,0,0,25.4,1,0.8,N
33,2,0,6,43,322,3,4,6,0.859375,4244,0.761905,1,0.138889,0.257576,1,1,126.33333300000001,32,5.6061,N
7,1,0,1,20,19,1,0,4,1.037037,197,0.666667,0,0.0,0.266667,0,0,25.857143,4,1.1429,N
2,3,0,3,8,1,1,3,2,2.0,33,0.0,0,0.9696969999999999,1.0,0,0,15.5,1,0.5,N
19,1,0,19,19,171,3,16,19,2.0,19,0.0,0,0.0,0.108359,0,0,0.0,1,1.0,N
8,3,0,4,17,18,0,4,6,0.714286,112,1.0,0,0.840909,0.75,0,0,12.625,4,1.75,N
6,3,0,5,22,1,0,5,6,0.7,137,1.0,0,0.8809520000000001,0.416667,3,3,21.166667,1,0.8333,N
91,1,0,157,212,3687,148,17,77,0.970476,2452,0.6,4,0.0,0.105495,0,0,25.56044,6,1.4945,N
16,1,0,6,36,58,1,5,13,0.633333,363,1.0,0,0.0,0.24218800000000001,0,0,21.3125,5,1.75,N
72,4,0,27,116,2338,11,18,65,0.9640059999999999,900,1.0,6,0.52349,0.20634899999999998,1,1,11.125,8,1.4722,N
11,4,0,17,83,11,0,17,9,0.916667,671,0.25,2,0.8863639999999999,0.25,2,2,58.909091000000004,2,1.0,Y
3,1,0,1,3,3,1,0,3,1.5,4,0.0,0,0.0,0.666667,0,0,0.0,1,1.0,N
7,1,0,3,11,3,3,0,7,0.583333,53,1.0,0,0.0,0.714286,0,0,6.285714,2,0.8571,N
1,1,0,3,1,0,3,1,1,2.0,1,0.0,0,0.0,1.0,0,0,0.0,1,1.0,N
3,2,0,8,22,3,1,7,2,1.0,152,0.0,0,0.866667,0.5,0,0,48.666667,1,0.6667,N
6,2,0,3,11,13,2,1,6,0.8,68,1.0,0,0.924242,0.44444399999999995,1,5,10.166667,3,1.5,N
7,5,0,8,26,0,4,4,7,0.666667,261,0.0,0,0.8636360000000001,0.342857,2,5,35.714286,8,3.0,N
21,3,0,12,62,134,7,6,15,0.6,630,1.0,0,0.6,0.272109,1,1,28.809524,9,3.0,N
4,1,0,13,23,6,1,12,1,2.0,195,0.0,0,0.0,0.333333,0,0,47.75,1,0.75,N
31,3,0,20,103,209,0,20,25,0.82,673,1.0,2,0.552239,0.16129000000000002,1,3,20.387097,2,1.0323,Y
3,1,0,11,24,1,7,4,3,0.0,264,1.0,2,0.0,0.666667,0,0,86.333333,13,5.0,N
8,1,26,46,14,20,45,1,7,0.714286,87,1.0,0,0.0,0.6875,0,0,9.625,5,1.5,N
4,3,0,5,9,2,0,5,4,0.666667,48,1.0,0,0.925,0.5,0,0,10.5,1,0.75,N
8,1,0,4,39,22,1,3,6,0.785714,377,0.5,0,0.0,0.166667,0,0,45.875,3,1.25,N
23,4,4,19,40,223,6,19,23,0.045455,179,1.0,0,0.614035,0.093822,0,0,6.73913,4,1.2609,N
42,2,0,20,115,703,14,8,25,0.8819,1369,0.684211,1,0.47887299999999994,0.176829,1,5,31.142857,12,1.9286,N
8,3,0,10,37,0,0,10,6,0.628571,315,1.0,1,0.840909,0.325,0,0,37.75,1,0.875,N
4,3,0,3,17,4,0,3,3,0.666667,152,1.0,0,0.925,0.75,1,1,36.75,1,0.75,N
8,5,0,10,28,0,4,6,8,0.693878,365,0.571429,0,0.8444440000000001,0.25,1,4,43.75,19,5.375,N
11,1,0,12,32,27,9,4,9,0.683333,190,1.0,0,0.0,0.232323,0,0,15.727273,1,0.9091,N
10,3,0,7,61,37,0,7,3,0.9,758,0.6,0,0.804348,0.28571399999999997,0,0,73.8,7,2.1,N
6,1,0,3,14,5,2,1,4,0.8,131,0.5,0,0.0,0.2,0,0,20.166667,3,1.3333,N
10,3,0,6,42,21,1,6,7,0.793651,369,1.0,0,0.804348,0.45,0,0,35.2,2,1.1,N
10,3,2,7,24,29,2,5,6,0.555556,162,1.0,0,0.804348,0.5,0,0,15.0,4,1.2,N
19,3,0,11,61,121,7,5,15,0.75,503,0.5,0,0.6382979999999999,0.29473699999999997,2,2,25.157895,5,2.0,N
3,4,0,7,8,3,3,4,2,2.0,27,0.0,0,0.9886360000000001,0.666667,3,4,8.0,2,0.6667,N
34,4,1,25,138,421,3,22,17,0.8636360000000001,1740,1.0,0,0.709091,0.142045,4,4,49.647059000000006,4,1.1471,Y
10,3,0,9,31,15,2,7,10,0.666667,166,1.0,1,0.769231,0.3,1,1,15.3,3,1.4,N
4,3,0,6,22,0,1,6,4,0.166667,142,1.0,0,0.925,0.625,0,0,34.0,2,1.0,N
0,1,0,1,0,0,1,0,0,2.0,24,0.0,0,0.0,0.0,0,0,0.0,0,0.0,N
0,1,0,1,0,0,1,0,0,2.0,7,0.0,0,0.0,0.0,0,0,0.0,0,0.0,N
5,4,0,3,20,4,1,2,4,0.833333,168,0.666667,0,0.896552,0.466667,2,4,32.0,1,0.6,N
27,3,1,19,80,249,4,15,18,0.869231,607,1.0,2,0.587302,0.166667,0,0,20.925926,3,1.1481,Y
1,3,0,5,2,0,5,0,1,2.0,5,0.0,0,1.0,1.0,0,0,4.0,0,0.0,N
6,1,0,3,11,1,1,2,6,0.7,74,1.0,0,0.0,0.555556,0,0,10.666667,1,0.8333,N
7,3,0,6,17,1,0,6,7,0.7,138,1.0,0,0.8421049999999999,0.428571,0,0,18.0,1,0.8571,N
5,4,0,1,9,10,1,0,3,0.75,81,0.0,0,0.924528,0.44,2,2,15.0,5,2.0,N
26,4,0,18,89,219,1,18,18,0.896842,881,1.0,4,0.757282,0.221154,3,4,32.153846,3,1.1538,Y
17,1,0,7,71,14,2,5,16,0.8660709999999999,569,0.28571399999999997,1,0.0,0.163399,1,1,31.647059000000002,8,1.5294,N
7,4,0,13,25,0,4,9,7,0.458333,201,1.0,2,0.8536590000000001,0.392857,1,3,27.142857,4,2.1429,N
8,1,0,2,21,26,1,1,5,0.714286,89,1.0,0,0.0,0.14285699999999998,0,0,10.0,2,0.875,N
32,1,0,6,69,264,4,2,31,0.733333,771,1.0,0,0.0,0.180556,1,1,22.625,4,1.1563,N
11,5,0,13,30,5,4,9,9,0.65,168,1.0,0,0.91,0.327273,2,10,13.909091,3,1.2727,Y
12,1,0,3,47,60,1,3,5,0.818182,466,0.0,0,0.0,0.15,0,0,37.583333,4,1.8333,N
19,3,0,16,117,35,1,15,11,0.823232,849,0.909091,1,0.6727270000000001,0.305263,2,3,43.105263,12,2.2105,Y
12,1,0,3,22,44,1,2,5,0.805195,156,1.0,1,0.0,0.261905,0,0,11.416667,4,1.25,N
2,2,0,6,9,1,1,5,2,2.0,33,0.0,0,0.958333,1.0,0,0,15.5,1,0.5,N
6,3,0,6,16,5,0,6,5,0.733333,95,1.0,0,0.8809520000000001,0.5,0,0,14.333332999999998,1,0.8333,N
3,2,0,4,7,0,1,3,3,0.0,29,1.0,0,0.818182,0.666667,0,0,8.333333,1,0.6667,N
9,3,0,9,34,10,0,9,7,0.729167,214,1.0,0,0.840909,0.3125,1,1,22.111110999999998,6,1.4444,N
7,1,0,2,8,0,2,0,1,0.5,1082,0.0,0,0.0,0.666667,0,0,153.28571399999998,2,0.8571,N
18,4,0,13,90,87,1,13,14,0.8492649999999999,778,1.0,0,0.782051,0.188889,4,4,41.333333,1,0.9444,Y
8,1,0,8,22,0,5,3,7,0.5428569999999999,141,1.0,1,0.0,0.34375,0,0,16.0,5,1.625,N
3,2,0,5,7,1,1,4,3,0.5,29,1.0,0,0.818182,0.666667,0,0,8.333333,1,0.6667,N
28,1,0,31,57,266,29,4,24,0.641975,602,1.0,0,0.0,0.19753099999999998,0,0,20.392857,16,2.25,N
3,6,0,6,11,3,4,3,3,2.0,37,0.0,0,0.9696969999999999,1.0,2,3,11.333333,2,1.3333,N
21,3,0,10,82,184,1,9,10,0.683333,719,1.0,2,0.6,0.22619,1,3,33.095238,4,1.9048,Y
8,5,0,9,29,0,1,8,5,0.571429,179,1.0,0,0.8235290000000001,0.375,2,5,21.0,4,1.125,N
2,2,0,9,9,1,5,4,2,2.0,31,0.0,0,0.923077,0.666667,0,0,14.5,1,0.5,N
8,1,0,1,14,28,1,0,8,2.0,274,0.0,0,0.0,0.45,0,0,33.25,7,2.75,N
19,1,0,12,103,133,1,12,3,0.813725,1720,0.882353,0,0.0,0.141414,0,0,88.631579,11,2.5263,Y
1,1,0,5,1,0,3,2,1,2.0,3,0.0,0,0.0,1.0,0,0,0.0,1,1.0,N
8,1,0,3,18,10,2,1,8,0.535714,108,1.0,0,0.0,0.541667,0,0,12.0,3,1.25,N
3,3,0,3,14,1,0,3,3,0.5,82,1.0,0,0.9487180000000001,0.666667,1,1,26.0,1,0.6667,N
9,6,0,10,24,36,4,7,8,2.0,104,0.0,0,0.8888889999999999,0.407407,3,8,10.555556,2,1.6667,N
3,1,0,19,3,3,19,0,3,2.0,3,0.0,0,0.0,1.0,0,0,0.0,1,1.0,N
10,3,0,11,36,0,0,11,10,0.694444,236,1.0,1,0.804348,0.45,1,1,22.2,2,1.4,N
5,3,0,5,13,4,0,5,5,0.75,71,1.0,0,0.902439,0.533333,0,0,12.6,1,0.8,N
4,1,0,1,10,2,1,0,4,0.866667,93,1.0,0,0.0,0.5,0,0,21.0,5,1.75,N
6,3,0,8,21,1,1,7,5,0.8,95,0.666667,2,0.882353,0.6,0,0,14.333332999999998,3,1.3333,N
81,3,0,35,213,2518,7,35,74,0.94,2199,0.966667,10,0.31896599999999997,0.1375,3,3,25.777778,13,1.6543,Y
1,4,0,2,2,0,1,1,1,2.0,4,0.0,0,1.0,1.0,0,0,3.0,0,0.0,N
6,1,0,5,6,15,4,1,6,2.0,6,0.0,0,0.0,0.44444399999999995,0,0,0.0,1,1.0,N
3,3,2,6,6,1,5,1,3,0.5,25,1.0,0,0.882353,0.833333,1,1,7.0,3,1.3333,N
3,5,1,6,14,3,5,2,3,2.0,52,0.0,0,0.96875,0.555556,1,1,16.333333,3,1.6667,N
5,3,0,4,17,0,0,4,5,0.666667,99,1.0,0,0.902439,0.533333,1,1,18.2,1,0.8,N
8,3,0,2,39,10,0,2,8,0.714286,282,1.0,0,0.840909,0.325,1,1,33.75,4,1.25,N
4,1,0,4,13,0,1,3,4,0.666667,60,1.0,1,0.0,0.75,0,0,13.25,1,0.75,N
4,4,0,4,13,0,1,3,4,0.0,87,1.0,0,0.9285709999999999,0.75,2,4,20.5,1,0.5,N
34,1,1,33,67,437,27,6,21,0.752525,1171,1.0,2,0.0,0.257576,0,0,32.911765,23,2.5,N
5,2,0,1,20,0,1,0,4,0.75,106,0.333333,0,0.9215690000000001,0.466667,0,0,19.6,2,1.0,Y
7,4,0,13,25,0,4,9,7,0.458333,199,1.0,2,0.8536590000000001,0.392857,1,3,26.857143,5,2.5714,N
5,1,0,6,13,0,5,1,5,0.0,69,1.0,0,0.0,0.533333,0,0,12.6,3,1.2,N
14,3,0,8,33,65,0,8,14,0.910256,404,1.0,1,0.74,0.595238,1,2,27.0,2,1.0,N
3,1,0,3,19,0,0,3,2,0.75,104,0.5,0,0.0,0.666667,0,0,33.0,1,0.6667,N
3,5,0,5,14,3,4,2,3,2.0,52,0.0,0,0.96875,0.555556,1,1,16.333333,3,1.6667,N
9,1,0,14,38,12,3,12,8,0.857143,310,0.14285699999999998,1,0.0,0.259259,0,0,32.666667,1,0.8889,N
13,1,2,9,20,46,7,2,8,0.666667,111,1.0,0,0.0,0.6153850000000001,0,0,7.2307690000000004,1,0.7692,Y
15,4,0,11,72,39,1,10,12,0.714286,683,1.0,0,0.847826,0.277778,0,0,43.733333,1,0.9333,N
22,1,0,19,49,125,16,5,18,0.809524,382,1.0,1,0.0,0.309091,0,0,16.045455,8,1.7273,N
16,3,0,22,29,0,4,18,16,0.0,135,1.0,0,0.666667,0.125,1,1,7.375,1,0.9375,N
4,1,0,4,5,6,3,1,4,2.0,16,0.0,0,0.0,0.875,0,0,3.0,1,0.75,N
11,5,0,11,38,1,4,7,11,0.84,391,0.5,0,0.791667,0.21590900000000002,1,4,33.636364,8,2.7273,N
10,1,0,10,47,11,1,9,10,0.75,329,1.0,3,0.0,0.2125,0,0,31.1,6,1.5,Y
6,2,0,1,15,0,1,0,6,0.0,45,1.0,0,0.642857,0.44444399999999995,1,1,6.3333330000000005,1,0.8333,N
23,2,52,117,37,179,114,7,17,0.818182,255,1.0,4,0.290323,0.24637699999999998,1,3,9.739130000000001,4,1.1739,N
2,2,0,9,26,1,1,8,2,2.0,248,0.0,0,0.958333,1.0,1,1,123.0,1,0.5,N
6,3,0,5,34,0,0,5,3,0.866667,237,1.0,0,0.8809520000000001,0.44444399999999995,0,0,38.0,1,0.8333,N
4,2,0,10,26,6,1,9,2,1.0,195,0.0,0,0.8846149999999999,0.5,0,0,47.5,10,3.0,N
3,2,0,1,18,0,0,1,1,1.242424,274,1.0,0,0.8888889999999999,0.5,1,3,79.333333,12,5.6667,N
2,2,0,1,6,1,0,1,1,2.0,20,0.0,0,0.875,0.75,1,1,9.0,1,0.5,N
7,5,0,9,28,0,4,5,7,0.708333,215,0.5,0,0.8636360000000001,0.342857,1,4,29.142857,9,2.8571,N
16,1,3,15,56,86,4,12,6,0.8,375,1.0,2,0.0,0.226667,0,0,22.25,14,2.0625,N
7,1,0,20,8,3,20,0,7,0.666667,43,1.0,0,0.0,0.714286,0,0,4.714286,1,0.8571,N
24,1,0,25,78,218,16,21,17,0.914783,1203,0.36,0,0.0,0.322981,0,0,48.083333,17,1.9167,N
3,2,0,8,20,3,1,7,2,1.0,151,0.0,0,0.92,0.5,0,0,48.333333,1,0.6667,N
3,4,2,30,8,3,26,4,2,2.0,27,0.0,0,0.9886360000000001,0.666667,3,4,8.0,2,0.6667,N
3,2,0,3,8,0,2,1,3,0.0,32,1.0,0,0.75,0.555556,0,0,9.333333,1,0.6667,N
3,2,0,4,7,0,1,3,3,0.0,33,1.0,0,0.818182,0.666667,0,0,9.666667,1,0.6667,N
4,5,0,5,15,0,4,2,4,0.333333,83,1.0,0,0.9538459999999999,0.4375,1,1,19.5,5,2.0,N
8,2,0,4,25,14,1,3,4,0.571429,163,1.0,1,0.416667,0.3,1,1,18.875,2,1.0,N
4,2,0,6,12,6,1,5,3,2.0,71,0.0,0,0.625,0.5,0,0,16.75,1,0.75,N
7,1,0,6,8,0,6,0,7,0.0,89,1.0,0,0.0,0.428571,1,1,11.571429,4,1.0,N
7,1,0,9,7,21,8,1,7,2.0,7,0.0,0,0.0,1.0,0,0,0.0,1,1.0,N
8,3,2,5,21,18,2,3,4,0.714286,145,1.0,0,0.840909,0.4375,1,1,16.875,1,0.875,N
11,3,0,14,40,17,5,9,10,0.7,286,1.0,2,0.75,0.287879,1,1,24.545455,3,1.9091,N
4,4,5,9,5,0,5,4,3,0.333333,18,1.0,1,0.921053,0.4375,0,0,3.25,1,0.75,N
6,1,0,2,11,3,1,1,3,0.6,54,1.0,0,0.0,0.666667,0,0,7.6666669999999995,1,0.8333,N
2,4,0,5,14,1,0,5,1,2.0,66,0.0,0,0.980392,1.0,1,2,32.0,4,2.0,N
3,1,0,3,12,3,3,0,3,2.0,90,0.0,0,0.0,0.333333,1,1,29.0,8,5.0,N
3,1,0,0,4,3,0,0,3,2.0,20,0.0,0,0.0,0.5,0,0,5.6666669999999995,2,1.0,N
32,2,0,4,40,330,2,2,2,0.781057,2014,0.787234,1,0.225,0.20625,1,1,60.46875,26,4.0938,N
29,1,0,28,120,396,25,6,25,0.9285709999999999,1348,0.8,0,0.0,0.278571,0,0,45.310345,29,2.6207,Y
48,4,0,25,108,964,7,20,44,0.9463020000000001,816,0.9523809999999999,4,0.624,0.154167,3,3,15.5625,7,1.375,N
3,2,0,1,10,0,0,1,1,0.0,67,1.0,1,0.714286,0.666667,1,1,20.333333,1,0.6667,N
40,3,1,17,99,664,2,15,31,0.918193,855,0.9523809999999999,2,0.486842,0.194444,0,0,19.85,8,1.6,Y
1,4,0,1,3,0,1,0,1,2.0,6,0.0,0,1.0,1.0,0,0,5.0,0,0.0,N
3,1,0,7,14,3,1,6,1,2.0,88,0.0,0,0.0,0.44444399999999995,0,0,28.333333000000003,1,0.6667,N
5,1,0,2,7,4,2,0,0,0.5,39,1.0,0,0.0,0.7,0,0,6.2,1,0.6,N
15,1,0,12,69,39,0,12,12,0.9325399999999999,614,1.0,1,0.0,0.342857,0,0,38.733333,10,2.7333,Y
2,3,0,3,8,1,0,3,2,2.0,28,0.0,0,0.967742,0.75,0,0,13.0,2,1.0,N
5,1,0,69,10,8,69,0,3,0.3125,69,0.75,1,0.0,0.583333,0,0,12.0,3,0.6,N
2,2,0,6,14,1,1,5,2,2.0,44,0.0,0,0.958333,1.0,0,0,21.0,1,0.5,N
4,1,0,2,7,6,1,1,4,2.0,20,0.0,0,0.0,0.875,0,0,4.0,1,0.75,N
1,5,0,1,2,0,0,1,1,2.0,4,0.0,0,1.0,1.0,0,0,3.0,0,0.0,N
5,1,1,3,15,0,2,1,4,0.5,137,1.0,0,0.0,0.9,0,0,25.2,4,1.8,N
4,1,0,4,5,0,3,1,4,0.333333,24,1.0,0,0.0,0.875,0,0,4.75,1,0.75,N
24,1,0,31,85,218,12,20,18,0.776812,708,0.933333,6,0.0,0.13834000000000002,0,0,27.875,7,1.75,Y
41,3,2,52,102,560,26,26,38,0.7964289999999999,698,1.0,1,0.434783,0.076352,1,3,15.853659,5,1.6585,N
15,1,1,6,29,87,2,4,12,0.9464290000000001,190,1.0,3,0.0,0.223214,0,0,10.866667,4,1.0667,N
11,3,0,14,37,19,1,13,9,0.75,317,1.0,1,0.787234,0.327273,1,1,27.272727000000003,21,3.0,N
11,1,0,15,26,31,14,2,7,0.892308,361,0.6153850000000001,1,0.0,0.3,0,0,30.636364,5,2.1818,N
4,4,0,3,7,0,1,2,4,0.0,130,1.0,0,0.9285709999999999,0.75,2,4,31.0,1,0.5,N
5,1,0,1,19,0,1,0,3,0.5,108,1.0,0,0.0,0.533333,0,0,20.2,3,1.4,N
7,3,0,7,36,0,0,7,7,0.666667,261,1.0,0,0.8604649999999999,0.342857,2,2,35.571428999999995,1,0.8571,N
2,5,0,1,7,0,1,0,2,0.0,20,1.0,0,0.9285709999999999,0.75,0,0,8.5,1,0.5,Y
5,4,0,11,46,10,0,11,1,2.0,587,0.0,0,0.9523809999999999,0.6,4,6,116.4,18,5.8,N
7,1,0,1,11,7,1,0,7,0.333333,98,0.0,0,0.0,0.714286,0,0,12.571429,7,1.4286,N
3,1,0,5,19,1,0,5,2,0.5,89,1.0,0,0.0,0.5,0,0,28.333333000000003,1,0.3333,N
6,3,0,5,14,1,0,5,6,0.7,75,1.0,0,0.8809520000000001,0.555556,0,0,10.833333,1,0.8333,N
6,3,5,15,8,3,12,3,6,0.4,39,1.0,0,0.857143,0.5,0,0,5.3333330000000005,3,1.3333,N
3,5,1,6,14,3,5,2,3,2.0,52,0.0,0,0.96875,0.555556,1,1,16.333333,3,1.6667,N
21,3,0,8,73,74,0,8,17,0.8863639999999999,669,0.727273,2,0.649123,0.232143,1,1,30.333333000000003,3,1.0476,Y
9,1,0,4,18,14,3,1,4,0.65625,88,1.0,0,0.0,0.518519,0,0,8.333333,1,0.8889,N
26,3,1,9,54,225,1,8,20,0.872727,539,1.0,2,0.606557,0.24,0,0,19.307692000000003,7,1.1923,N
4,3,0,5,16,0,0,5,4,0.333333,95,1.0,0,0.914286,0.75,0,0,22.25,1,0.75,N
21,1,0,2,35,38,2,0,17,0.631818,617,0.818182,0,0.0,0.293651,0,0,27.857143,3,0.8571,N
1,1,0,2,1,0,2,0,0,2.0,2064,0.0,0,0.0,0.0,0,0,2052.0,0,0.0,N
10,2,13,22,24,19,18,4,5,0.666667,146,1.0,1,0.5,0.266667,0,0,13.3,3,1.2,N
9,3,1,11,53,16,1,10,7,0.75,457,1.0,0,0.8222219999999999,0.27160500000000004,2,2,49.222221999999995,5,1.3333,Y
2,1,0,4,2,1,3,2,2,2.0,2,0.0,0,0.0,0.75,0,0,0.0,1,1.0,N
2,1,0,2,2,1,1,1,2,2.0,2,0.0,0,0.0,1.0,0,0,0.0,1,1.0,N
11,1,0,3,26,53,3,0,9,0.9,725,1.0,1,0.0,0.26,0,0,64.818182,47,8.4545,N
2,1,0,5,30,0,0,5,0,0.0,186,1.0,2,0.0,0.6,0,0,90.5,10,5.0,N
23,2,0,5,68,181,2,3,17,0.806818,462,0.875,0,0.547619,0.14090899999999998,0,0,18.73913,5,1.4783,N
8,3,0,9,31,0,4,5,6,0.428571,181,1.0,0,0.833333,0.3125,1,1,21.375,5,2.0,N
30,3,0,12,77,365,2,10,22,0.896552,717,1.0,3,0.578125,0.20416700000000002,0,0,22.566667000000002,7,1.4667,N
14,1,0,5,14,91,5,0,14,2.0,14,0.0,0,0.0,0.271429,0,0,0.0,1,1.0,N
22,4,0,9,92,129,2,9,16,0.849817,837,1.0,3,0.787879,0.309091,2,2,36.454545,5,1.2273,Y
8,1,0,1,40,18,1,0,7,0.666667,464,1.0,0,0.0,0.346939,0,0,56.625,11,3.875,N
4,1,1,5,11,6,2,3,3,2.0,62,0.0,0,0.0,0.5,0,0,14.5,1,0.75,N
6,3,0,8,19,0,0,8,6,0.533333,88,1.0,0,0.8809520000000001,0.833333,0,0,13.166667000000002,1,0.8333,Y
13,1,0,14,23,68,12,2,12,0.697917,308,1.0,0,0.0,0.708333,0,0,22.076923,36,3.4615,N
2,3,0,3,7,1,1,3,2,2.0,23,0.0,0,0.9696969999999999,1.0,0,0,10.5,1,0.5,N
3,2,0,7,19,3,1,6,2,1.0,93,0.0,0,0.866667,0.5,0,0,29.666666999999997,1,0.6667,N
5,1,1,5,7,6,5,0,5,0.75,32,1.0,0,0.0,0.7,0,0,5.0,1,0.8,N
7,1,0,3,22,0,3,1,6,0.555556,111,1.0,0,0.0,0.47618999999999995,0,0,14.428571,4,1.4286,N
2,4,0,1,5,1,0,1,2,2.0,10,0.0,0,0.985507,0.75,1,1,4.0,1,0.5,N
16,3,0,13,48,58,1,13,12,0.786667,480,1.0,2,0.711538,0.25,2,2,28.375,4,1.4375,N
10,3,0,9,33,3,0,9,8,0.722222,145,1.0,1,0.804348,0.4,2,4,13.1,2,1.3,N
7,2,2,9,15,1,8,1,4,0.583333,92,1.0,1,0.454545,0.464286,1,1,11.571429,1,0.8571,N
2,2,0,9,20,1,1,8,2,2.0,132,0.0,0,0.958333,1.0,1,1,65.0,1,0.5,N
0,1,0,4,0,0,2,2,0,2.0,0,0.0,0,0.0,0.0,0,0,0.0,0,0.0,N
7,1,0,2,8,0,2,0,7,0.0,147,1.0,0,0.0,0.342857,1,1,19.857143,4,1.0,N
4,1,0,6,4,6,3,4,4,2.0,4,0.0,0,0.0,0.625,0,0,0.0,1,1.0,N
1,1,0,13,1,0,13,0,1,2.0,1,0.0,0,0.0,1.0,0,0,0.0,1,1.0,N
4,2,0,4,12,0,1,3,4,0.333333,70,1.0,0,0.75,0.5,0,0,16.0,1,0.75,N
